16,32
6.26,4.87
6.24,6.24
6.22,6.21
6.18,6.17
6.15,6.15
6.12,6.13
6.10,6.11
6.09,6.09
6.07,6.07
6.05,6.06
6.06,6.06
6.04,6.04
6.04,6.04
6.03,6.03
6.00,6.01
6.01,6.01
6.01,6.01
5.98,5.98
6.00,6.00
6.02,6.02
6.02,6.02
5.99,6.00
6.00,5.99
5.96,5.95
5.97,5.97
5.96,5.96
5.95,5.94
5.95,5.95
5.94,5.94
5.92,5.92
5.91,5.91
5.92,5.86
5.90,5.91
5.90,5.90
5.92,5.92
5.87,5.87
5.87,5.87
5.85,5.84
5.85,5.85
5.84,5.84
5.84,5.85
5.83,5.83
5.83,5.82
5.80,5.80
5.79,5.80
5.78,5.78
5.77,5.77
5.78,5.78
5.78,5.78
5.77,5.77
5.75,5.75
5.77,5.77
5.75,5.75
5.74,5.74
5.76,5.75
5.73,5.73
5.72,5.72
5.74,5.74
5.71,5.71
5.72,5.72
5.70,5.70
5.69,5.70
5.69,5.69
5.68,5.68
5.69,5.68
5.67,5.66
5.67,5.66
5.64,5.64
5.64,5.64
5.63,5.64
5.65,5.66
5.63,5.63
5.61,5.61
5.62,5.62
5.60,5.60
5.60,5.60
5.62,5.62
5.59,5.59
5.61,5.61
5.60,5.60
5.56,5.56
5.57,5.57
5.56,5.55
5.58,5.58
5.56,5.56
5.57,5.57
5.53,5.53
5.57,5.56
5.55,5.55
5.56,5.56
5.51,5.52
5.52,5.51
5.49,5.50
5.49,5.49
5.48,5.48
5.50,5.51
5.50,5.50
5.48,5.48
5.49,5.50
5.49,5.48
5.47,5.48
5.48,5.47
5.46,5.46
5.45,5.45
5.47,5.47
5.49,5.49
5.44,5.44
5.44,5.44
5.43,5.43
5.46,5.46
5.45,5.45
5.43,5.43
5.44,5.44
5.44,5.44
5.43,5.43
5.43,5.44
5.42,5.42
5.38,5.38
5.65,5.40
5.40,5.39
5.37,5.37
5.38,5.38
5.35,5.34
5.36,5.36
5.34,5.33
5.34,5.34
5.34,5.34
5.36,5.36
5.32,5.32
5.32,5.32
5.32,5.32
5.31,5.31
5.32,5.32
5.29,5.29
5.29,5.29
5.30,5.30
5.31,5.31
5.26,5.26
5.31,5.31
5.36,5.36
5.34,5.34
5.33,5.33
5.35,5.35
5.28,5.28
5.31,5.31
5.32,5.32
5.30,5.30
5.31,5.32
5.31,5.31
5.28,5.28
5.27,5.26
5.29,5.30
5.30,5.30
5.29,5.28
5.32,5.32
5.26,5.26
5.27,5.28
5.23,5.23
5.26,5.26
5.25,5.25
5.25,5.25
5.23,5.23
5.24,5.24
5.18,5.18
5.19,5.20
5.20,5.20
5.18,5.18
5.19,5.19
5.20,5.21
5.19,5.19
5.18,5.18
5.22,5.21
5.19,5.19
5.16,5.16
5.20,5.20
5.19,5.19
5.26,5.15
5.19,5.20
5.17,5.17
5.18,5.18
5.17,5.17
5.18,5.18
5.18,5.18
5.15,5.14
5.16,5.15
5.14,5.13
5.16,5.15
5.12,5.12
5.11,5.11
5.10,5.11
5.13,5.13
5.12,5.12
5.12,5.11
5.12,5.11
5.10,5.09
5.10,5.10
5.11,5.11
5.10,5.09
5.11,5.11
5.11,5.09
5.06,5.06
5.07,5.06
5.06,5.05
5.09,5.09
5.07,5.07
5.09,5.09
5.05,5.04
5.09,5.08
5.08,5.07
5.08,5.07
5.04,5.04
5.06,5.05
5.05,5.04
5.03,5.02
5.02,5.09
5.05,5.04
5.03,5.03
5.04,5.03
5.03,5.02
5.05,5.05
5.02,5.02
5.02,5.01
5.00,4.99
4.98,4.98
5.00,5.00
5.03,5.02
4.99,4.98
4.98,4.98
5.01,5.01
5.03,5.03
5.01,5.00
5.00,5.00
4.99,4.99
4.98,4.98
5.00,4.99
5.01,5.02
5.02,5.01
4.95,4.94
4.98,4.98
4.96,4.95
4.96,4.95
4.97,4.97
4.92,4.92
4.93,4.93
4.94,4.93
4.93,4.93
4.93,4.93
4.96,4.95
4.90,4.89
4.89,4.89
4.90,4.89
4.90,4.89
4.91,4.91
4.91,4.91
4.89,4.88
4.91,4.90
4.92,4.92
4.87,4.86
4.91,4.91
4.96,4.96
5.08,4.94
4.94,4.94
4.96,4.97
4.92,4.91
4.92,4.92
4.94,4.93
4.91,4.91
4.92,4.92
4.92,4.92
4.91,4.90
4.90,4.89
4.92,4.93
4.94,4.94
4.92,4.91
4.96,4.96
4.91,4.90
4.92,4.91
4.87,4.87
4.92,4.92
4.90,4.90
4.90,4.90
4.89,4.88
4.89,4.88
4.84,4.82
4.82,4.82
4.85,4.84
4.83,4.82
4.86,4.85
4.85,4.85
4.83,4.83
4.83,4.82
4.85,4.84
4.85,4.85
4.81,4.81
4.87,4.87
4.87,4.86
4.82,4.82
4.86,4.85
4.85,4.85
4.87,4.86
4.86,4.85
4.87,4.86
4.86,4.86
4.80,4.81
4.82,4.81
4.82,4.81
4.85,4.84
4.81,4.82
4.79,4.78
4.77,4.76
4.80,4.80
4.81,4.82
4.80,4.80
4.81,4.80
4.79,4.78
4.79,4.78
4.79,4.78
4.79,4.78
4.82,4.80
4.80,4.79
4.75,4.74
4.77,4.76
4.76,4.75
4.79,4.78
4.77,4.78
4.80,4.80
4.75,4.75
4.79,4.78
4.79,4.78
4.79,4.78
4.75,4.75
4.78,4.77
4.93,4.78
4.77,4.75
4.75,4.74
4.76,4.75
4.75,4.74
4.78,4.78
4.75,4.74
4.78,4.78
4.73,4.73
4.74,4.72
4.71,4.70
4.70,4.69
4.72,4.71
4.74,4.73
4.70,4.69
4.70,4.70
4.76,4.74
4.78,4.76
4.73,4.73
4.73,4.73
4.71,4.71
4.70,4.69
4.72,4.71
4.75,4.75
4.78,4.77
4.69,4.68
4.74,4.73
4.70,4.69
4.71,4.70
4.72,4.71
4.66,4.66
4.68,4.67
4.70,4.69
4.69,4.67
4.68,4.68
4.70,4.70
4.63,4.63
4.62,4.62
4.63,4.63
4.63,4.63
4.66,4.65
4.67,4.67
4.64,4.63
4.66,4.65
4.67,4.67
4.62,4.61
4.67,4.66
4.70,4.70
4.70,4.68
4.69,4.70
4.72,4.71
4.68,4.68
4.66,4.66
4.69,4.69
4.67,4.66
4.67,4.67
4.67,4.66
4.67,4.66
4.66,4.66
4.68,4.67
4.70,4.70
4.67,4.66
4.73,4.72
4.68,4.67
4.69,4.68
4.63,4.64
4.69,4.68
4.68,4.67
4.67,4.66
4.66,4.65
4.65,4.64
4.60,4.60
4.57,4.57
4.62,4.62
4.59,4.59
4.62,4.62
4.62,4.61
4.60,4.60
4.58,4.58
4.60,4.60
4.62,4.62
4.56,4.55
4.66,4.65
4.65,4.65
4.61,4.60
4.63,4.62
4.64,4.64
4.66,4.66
4.64,4.64
4.66,4.66
4.65,4.64
4.59,4.58
4.59,4.59
4.61,4.61
4.64,4.63
4.60,4.60
4.57,4.56
4.55,4.55
4.59,4.58
4.60,4.60
4.60,4.59
5.06,4.60
4.59,4.59
4.59,4.58
4.57,4.56
4.59,4.58
4.60,4.59
4.58,4.57
4.56,4.54
4.56,4.55
4.55,4.54
4.59,4.59
4.58,4.57
4.61,4.61
4.56,4.55
4.58,4.58
4.58,4.57
4.58,4.57
4.56,4.55
4.59,4.59
4.63,4.62
4.59,4.58
4.57,4.56
4.57,4.55
4.55,4.54
4.61,4.60
4.56,4.55
4.60,4.59
4.53,4.53
4.54,4.53
4.51,4.51
4.50,4.50
4.52,4.51
4.54,4.53
4.50,4.49
4.51,4.50
4.57,4.57
4.59,4.58
4.55,4.54
4.55,4.54
4.51,4.50
4.49,4.48
4.53,4.52
4.58,4.56
4.61,4.60
4.52,4.52
4.57,4.55
4.52,4.51
4.53,4.53
4.53,4.53
4.48,4.48
4.49,4.49
4.53,4.52
4.51,4.50
4.52,4.51
4.53,4.53
4.45,4.44
4.43,4.43
4.45,4.45
4.45,4.45
4.48,4.47
4.50,4.49
4.46,4.46
4.49,4.48
4.51,4.50
4.46,4.45
4.50,4.48
4.53,4.51
4.52,4.51
4.52,4.52
4.54,4.55
4.52,4.51
4.48,4.48
4.52,4.51
4.48,4.48
4.49,4.48
4.49,4.48
4.51,4.50
4.50,4.49
4.50,4.49
4.53,4.52
4.51,4.48
4.55,4.54
4.52,4.50
4.54,4.53
4.48,4.47
4.54,4.53
4.51,4.51
4.50,4.50
4.50,4.50
4.49,4.48
4.44,4.42
4.40,4.40
4.45,4.45
4.43,4.42
4.47,4.46
4.45,4.44
4.44,4.43
4.41,4.41
4.43,4.43
4.47,4.47
4.41,4.41
4.51,4.50
4.51,4.51
4.46,4.46
4.48,4.46
4.51,4.50
4.52,4.50
4.50,4.50
4.52,4.51
4.49,4.48
4.43,4.43
4.44,4.44
4.46,4.46
4.48,4.49
4.47,4.47
4.63,4.41
4.40,4.39
4.44,4.43
4.47,4.45
4.47,4.46
4.46,4.44
4.45,4.45
4.44,4.44
4.42,4.42
4.44,4.43
4.46,4.45
4.43,4.42
4.41,4.40
4.42,4.41
4.41,4.41
4.44,4.44
4.43,4.42
4.47,4.46
4.42,4.42
4.44,4.43
4.45,4.44
4.45,4.43
4.43,4.42
4.46,4.45
4.51,4.49
4.46,4.46
4.44,4.44
4.43,4.42
4.41,4.40
4.48,4.47
4.42,4.41
4.48,4.46
4.39,4.38
4.40,4.39
4.39,4.37
4.36,4.37
4.39,4.38
4.41,4.40
4.37,4.36
4.37,4.37
4.45,4.45
4.45,4.45
4.41,4.40
4.42,4.42
4.37,4.36
4.34,4.34
4.38,4.38
4.44,4.43
4.48,4.48
4.41,4.39
4.45,4.44
4.39,4.38
4.41,4.40
4.42,4.40
4.36,4.36
4.37,4.37
4.41,4.39
4.39,4.37
4.40,4.39
4.41,4.39
4.32,4.32
4.31,4.30
4.33,4.32
4.32,4.31
4.35,4.34
4.37,4.36
4.33,4.32
4.35,4.35
4.40,4.39
4.33,4.33
4.37,4.37
4.39,4.39
4.38,4.39
4.38,4.38
4.43,4.42
4.41,4.40
4.37,4.37
4.39,4.39
4.35,4.35
4.37,4.36
4.35,4.34
4.39,4.38
4.39,4.38
4.37,4.36
4.41,4.40
4.37,4.36
4.41,4.41
4.39,4.38
4.41,4.41
4.35,4.35
4.43,4.42
4.39,4.40
4.39,4.38
4.38,4.38
4.36,4.37
4.31,4.31
4.28,4.27
4.33,4.32
4.31,4.30
4.35,4.34
4.33,4.31
4.31,4.30
4.29,4.28
4.30,4.30
4.36,4.36
4.31,4.29
4.39,4.39
4.41,4.41
4.35,4.35
4.37,4.35
4.39,4.39
4.40,4.40
4.39,4.38
4.42,4.40
4.39,4.38
4.32,4.31
4.34,4.32
4.35,4.34
4.39,4.37
4.38,4.36
4.31,4.31
4.28,4.27
4.32,4.31
4.36,4.34
4.35,4.35
4.34,4.34
4.35,4.33
4.33,4.32
4.30,4.28
4.33,4.33
4.35,4.34
4.31,4.29
4.29,4.29
4.31,4.31
4.31,4.30
4.33,4.32
4.32,4.31
4.38,4.37
4.33,4.32
4.33,4.32
4.34,4.34
4.33,4.33
4.33,4.32
4.36,4.35
4.41,4.42
4.38,4.36
4.36,4.34
4.32,4.32
4.31,4.31
4.38,4.37
4.32,4.31
4.37,4.37
4.29,4.28
4.29,4.28
4.28,4.28
4.26,4.26
4.28,4.28
4.31,4.30
4.27,4.26
4.28,4.27
4.35,4.35
4.34,4.33
4.31,4.31
4.32,4.31
4.26,4.25
4.23,4.22
4.28,4.27
4.34,4.33
4.40,4.39
4.31,4.30
4.36,4.35
4.31,4.29
4.31,4.30
4.32,4.31
4.27,4.26
4.28,4.27
4.31,4.30
4.30,4.29
4.30,4.29
4.30,4.30
4.23,4.22
4.21,4.20
4.22,4.22
4.22,4.21
4.25,4.24
4.27,4.27
4.22,4.22
4.26,4.25
4.30,4.30
4.25,4.24
4.28,4.27
4.31,4.29
4.29,4.28
4.28,4.28
4.33,4.33
4.30,4.29
4.27,4.28
4.29,4.29
4.25,4.25
4.26,4.26
4.26,4.26
4.30,4.30
4.30,4.29
4.28,4.27
4.32,4.31
4.27,4.26
4.31,4.30
4.29,4.29
4.33,4.32
4.28,4.26
4.34,4.33
4.31,4.31
4.30,4.29
4.29,5.55
4.27,4.27
4.22,4.23
4.19,4.19
4.25,4.25
4.21,4.22
4.25,4.26
4.23,4.22
4.21,4.21
4.19,4.18
4.20,4.20
4.27,4.26
4.22,4.23
4.32,4.31
4.33,4.33
4.28,4.27
4.28,4.27
4.34,4.32
4.32,4.31
4.31,4.30
4.33,4.33
4.30,4.29
4.24,4.23
4.25,4.23
4.27,4.26
4.30,4.29
4.31,4.31
4.22,4.22
4.18,4.19
4.23,4.23
4.27,4.26
4.28,4.28
4.26,4.26
4.26,4.26
4.25,4.24
4.20,4.20
4.25,4.24
4.26,4.26
4.21,4.21
4.22,4.21
4.22,4.21
4.21,4.20
4.24,4.24
4.24,4.23
4.31,4.29
4.26,4.26
4.27,4.25
4.26,4.26
4.26,4.25
4.25,4.24
4.28,4.27
4.35,4.34
4.31,4.31
4.29,4.28
4.25,4.24
4.24,4.23
4.31,4.30
4.25,4.24
4.30,4.30
4.21,4.20
4.22,4.21
4.20,4.19
4.18,4.18
4.21,4.20
4.24,4.23
4.21,4.19
4.21,4.20
4.28,4.28
4.26,4.26
4.22,4.22
4.24,4.23
4.18,4.16
4.15,4.14
4.20,4.19
4.26,4.25
4.32,4.32
4.24,4.24
4.29,4.28
4.24,4.23
4.24,4.23
4.26,4.24
4.21,4.19
4.20,4.20
4.23,4.24
4.22,4.21
4.23,4.22
4.24,4.23
4.15,4.14
4.14,4.13
4.16,4.15
4.14,4.14
4.17,4.16
4.20,4.19
4.15,4.15
4.19,4.18
4.24,4.22
4.17,4.17
4.20,4.20
4.23,4.22
4.21,4.21
4.22,4.21
4.26,4.26
4.23,4.23
4.20,4.21
4.24,4.22
4.19,4.18
4.19,4.18
4.19,4.18
4.22,4.22
4.24,4.23
4.20,4.20
4.24,4.24
4.19,4.18
4.22,4.22
4.21,4.21
4.27,4.26
4.20,4.19
4.28,4.26
4.24,4.24
4.23,4.22
4.23,4.23
4.21,4.20
4.16,4.16
4.13,4.11
4.18,4.17
4.15,4.14
4.18,4.18
4.16,4.16
4.15,4.14
4.11,4.10
4.11,4.10
4.20,4.19
4.15,4.15
4.25,4.26
4.27,4.27
4.21,4.21
4.21,4.20
4.27,4.26
4.25,4.25
4.25,4.24
4.26,4.27
4.23,4.23
4.17,4.16
4.18,4.18
4.20,4.19
4.25,4.25
4.26,4.24
4.15,4.16
4.13,4.12
4.17,4.16
4.21,4.21
4.22,4.22
4.21,4.18
4.20,4.19
4.19,4.18
4.12,4.11
4.18,4.18
4.20,4.19
4.15,4.14
4.15,4.14
4.16,4.15
4.15,4.15
4.18,4.18
4.16,4.15
4.25,4.24
4.20,4.19
4.19,4.18
4.21,4.20
4.20,4.20
4.20,4.19
4.22,4.21
4.30,4.29
4.26,4.25
4.24,4.23
4.20,4.19
4.18,4.17
4.26,4.24
4.19,4.18
4.25,4.24
4.14,4.14
4.16,4.14
4.14,4.14
4.13,4.12
4.16,4.15
4.18,4.16
4.15,4.14
4.15,4.14
4.22,4.21
4.20,4.18
4.16,4.16
4.18,4.18
4.11,4.10
4.08,4.08
4.14,4.13
4.21,4.21
4.28,4.27
4.20,4.18
4.24,4.23
4.18,4.18
4.18,4.17
4.19,4.18
4.15,4.14
4.15,4.15
4.20,4.18
4.17,4.16
4.18,4.17
4.17,4.17
4.10,4.09
4.07,4.06
4.10,4.10
4.08,4.08
4.11,4.10
4.14,4.13
4.08,4.07
4.13,4.12
4.17,4.17
4.11,4.10
4.15,4.13
4.17,4.16
4.14,4.15
4.15,4.14
4.21,4.20
4.18,4.18
4.14,4.14
4.17,4.16
4.14,4.12
4.13,4.13
4.13,4.11
4.17,4.17
4.18,4.16
4.15,4.12
4.18,4.17
4.12,4.11
4.15,4.15
4.15,4.15
4.20,4.20
4.15,4.15
4.23,4.23
4.19,4.19
4.17,4.17
4.17,4.17
4.14,4.15
4.09,4.10
4.05,4.06
4.13,4.12
4.09,4.08
4.13,4.13
4.11,4.10
4.08,4.08
4.05,4.04
4.05,4.04
4.14,4.15
4.12,4.11
4.21,4.19
4.57,4.21
4.15,4.16
4.16,4.15
4.22,4.22
4.20,4.20
4.20,4.19
4.22,4.20
4.19,4.18
4.11,4.11
4.13,4.11
4.15,4.15
4.20,4.20
4.20,4.20
4.11,4.09
4.07,4.07
4.11,4.10
4.17,4.16
4.18,4.16
4.14,4.13
4.14,4.15
4.14,4.13
4.07,4.06
4.14,4.12
4.14,4.15
4.10,4.09
4.10,4.10
4.10,4.09
4.10,4.10
4.13,4.13
4.11,4.10
4.21,4.20
4.16,4.15
4.14,4.14
4.17,4.16
4.16,4.15
4.15,4.15
4.18,4.16
4.26,4.26
4.22,4.20
4.20,4.19
4.15,4.13
4.13,4.12
4.22,4.20
4.14,4.14
4.20,4.19
4.10,4.09
4.10,4.10
4.11,4.10
4.08,4.07
4.11,4.09
4.13,4.11
4.10,4.10
4.11,4.10
4.18,4.16
4.14,4.14
4.10,4.11
4.14,4.12
4.06,4.05
4.04,4.03
4.09,4.08
4.16,4.16
4.24,4.23
4.15,4.14
4.19,4.19
4.13,4.12
4.12,4.12
4.14,4.14
4.11,4.10
4.10,4.09
4.14,4.14
4.12,4.12
4.12,4.13
4.12,4.11
4.05,4.04
4.03,4.01
4.06,4.05
4.04,4.03
4.07,4.05
4.09,4.07
4.03,4.03
4.08,4.08
4.13,4.13
4.07,4.06
4.11,4.10
4.11,4.12
4.11,4.10
4.10,4.10
4.16,4.15
4.12,4.12
4.10,4.10
4.12,4.12
4.08,4.08
4.08,4.07
4.08,4.07
4.14,4.12
4.13,4.13
4.09,4.08
4.13,4.13
4.07,4.07
4.09,4.10
4.10,4.09
4.16,4.15
4.11,4.10
4.17,4.17
4.15,4.14
4.13,4.13
4.13,4.12
4.10,4.10
4.06,4.06
4.02,4.01
4.08,4.08
4.06,4.04
4.09,4.09
4.06,4.05
4.03,4.03
4.00,3.99
3.99,4.00
4.11,4.10
4.08,4.07
4.17,4.15
4.19,4.18
4.13,4.13
4.12,4.10
4.18,4.18
4.15,4.16
4.16,4.16
4.17,4.17
4.14,4.14
4.09,4.08
4.08,4.08
4.12,4.10
4.16,4.15
4.17,4.17
4.07,4.08
4.03,4.02
4.07,4.06
4.13,4.12
4.13,4.13
4.11,4.09
4.10,4.10
4.09,4.10
4.02,4.01
4.08,4.08
4.13,4.11
4.05,4.04
4.04,4.05
4.07,4.06
4.05,4.06
4.08,4.07
4.07,4.07
4.16,4.16
4.12,4.11
4.09,4.09
4.13,4.13
4.12,4.10
4.12,4.11
4.13,4.13
4.23,4.22
4.19,4.18
4.17,4.15
4.11,4.10
4.10,4.09
4.19,4.17
4.11,4.10
4.18,4.16
4.06,4.04
4.06,4.05
4.07,4.06
4.05,4.04
4.07,4.07
4.08,4.08
4.06,4.06
4.07,4.06
4.14,4.13
4.10,4.10
4.07,4.07
4.09,4.09
4.02,4.02
3.99,3.98
4.05,4.04
4.12,4.11
4.20,4.20
4.12,4.12
4.16,4.16
4.10,4.09
4.09,4.08
4.10,4.10
4.07,4.07
4.07,4.06
4.12,4.11
4.10,4.08
4.10,4.09
4.09,4.08
4.01,4.00
3.98,3.97
4.03,4.02
4.00,3.99
4.02,4.01
4.04,4.04
3.99,3.99
4.04,4.04
4.10,4.08
4.05,4.04
4.05,4.06
4.06,4.06
4.06,4.06
4.29,4.06
4.13,4.11
4.08,4.09
4.05,4.06
4.08,4.07
4.05,4.04
4.04,4.04
4.05,4.03
4.10,4.09
4.10,4.10
4.06,4.05
4.10,4.10
4.04,4.03
4.05,4.04
4.07,4.06
4.13,4.12
4.08,4.07
4.14,4.14
4.12,4.11
4.09,4.09
4.10,4.11
4.07,4.07
4.03,4.03
3.98,3.98
4.04,4.04
4.00,4.00
4.06,4.04
4.03,4.01
4.00,4.00
3.96,3.96
3.97,3.96
4.07,4.08
4.06,4.04
4.14,4.12
4.14,4.14
4.10,4.09
4.09,4.07
4.15,4.15
4.14,4.13
4.12,4.12
4.14,4.14
4.11,4.11
4.04,4.03
4.05,4.05
4.07,4.08
4.13,4.13
4.13,4.14
4.03,4.03
3.99,3.98
4.03,4.03
4.10,4.08
4.09,4.10
4.07,4.06
4.08,4.06
4.06,4.05
3.98,3.97
4.06,4.05
4.07,4.08
4.02,4.01
4.02,4.01
4.04,4.02
4.02,4.02
4.06,4.05
4.04,4.03
4.13,4.13
4.09,4.09
4.06,4.07
4.10,4.09
4.08,4.08
4.09,4.08
4.11,4.10
4.20,4.20
4.16,4.16
4.14,4.12
4.08,4.07
4.06,4.06
4.16,4.14
4.08,4.06
4.15,4.14
4.03,4.02
4.04,4.01
4.03,4.02
4.01,4.01
4.04,4.04
4.07,4.06
4.03,4.03
4.04,4.04
4.11,4.10
4.07,4.07
4.04,4.04
4.07,4.06
3.99,3.98
3.95,3.96
4.01,4.01
4.09,4.08
4.17,4.16
4.09,4.09
4.14,4.13
4.07,4.06
4.05,4.04
4.09,4.08
4.05,4.03
4.03,4.03
4.08,4.07
4.07,4.06
4.06,4.05
4.05,4.05
3.98,3.98
3.95,3.93
4.00,4.00
3.97,3.97
3.99,3.98
4.01,4.00
3.97,3.95
4.02,4.03
4.07,4.07
4.02,4.01
4.03,4.03
4.04,4.03
4.03,4.02
4.04,4.02
4.09,4.09
4.06,4.06
4.02,4.03
4.04,4.04
4.02,4.01
4.00,3.99
4.02,4.00
4.07,4.06
4.07,4.06
4.02,4.01
4.07,4.05
3.99,3.98
4.01,4.01
4.04,4.03
4.09,4.08
4.03,4.03
4.12,4.11
4.09,4.09
4.05,4.06
4.07,4.06
4.04,4.03
4.00,3.98
3.96,3.94
4.01,4.02
3.98,3.96
4.03,4.01
4.00,4.00
3.97,3.96
3.93,3.92
3.94,3.93
4.05,4.03
4.02,4.03
4.11,4.09
4.13,4.12
4.07,4.06
4.06,4.04
4.13,4.12
4.11,4.11
4.10,4.10
4.12,4.11
4.08,4.09
4.01,4.01
4.03,4.00
4.06,4.06
4.11,4.09
4.12,4.11
4.01,4.00
3.96,3.96
4.00,4.00
4.07,4.06
4.07,4.07
4.04,4.04
4.06,4.05
4.04,4.04
3.95,3.93
4.04,4.01
4.05,4.05
3.98,3.97
3.99,3.98
4.00,4.00
4.00,3.99
4.03,4.03
4.01,4.01
4.11,4.10
4.07,4.06
4.05,4.03
4.08,4.07
4.06,4.06
4.06,4.05
4.08,4.07
4.18,4.17
4.14,4.12
4.11,4.11
4.06,4.05
4.05,4.05
4.14,4.12
4.05,4.04
4.14,4.12
4.01,4.00
3.99,3.99
4.01,4.01
3.99,3.98
4.02,4.01
4.03,4.02
4.01,4.00
4.01,4.01
4.09,4.07
4.04,4.03
4.01,4.00
4.05,4.04
3.96,3.96
3.92,3.93
3.99,3.99
4.07,4.07
4.15,4.14
4.08,4.07
4.13,4.12
4.05,4.04
4.02,4.02
4.06,4.05
4.02,4.01
4.02,4.01
4.06,4.06
4.04,4.03
4.03,4.04
4.02,4.02
3.95,3.95
3.92,3.92
3.97,3.97
3.96,3.94
3.96,3.96
3.99,3.97
3.94,3.95
4.00,4.00
4.05,4.05
4.00,4.00
4.00,4.00
4.01,3.99
3.99,3.99
4.01,4.00
4.06,4.06
4.04,4.04
4.00,4.00
4.02,4.02
4.00,3.99
3.97,3.97
3.99,3.98
4.04,4.03
4.05,4.05
3.99,3.99
4.03,4.03
3.97,3.96
3.99,3.96
4.02,4.00
4.07,4.07
4.02,4.01
4.10,4.09
4.06,4.06
4.05,4.04
4.05,4.04
4.01,4.01
3.98,3.97
3.93,3.92
4.00,3.98
3.95,3.95
4.01,4.00
3.99,3.97
3.95,3.94
3.91,3.90
3.91,3.91
4.03,4.02
4.01,3.99
4.08,4.08
4.11,4.10
4.03,4.04
4.03,4.03
4.12,4.10
4.10,4.09
4.08,4.09
4.10,4.09
4.08,4.06
4.00,3.99
4.00,3.98
4.04,4.02
4.10,4.08
4.09,4.10
3.99,3.99
3.94,3.92
3.98,3.97
4.04,4.03
4.06,4.05
4.03,4.01
4.03,4.03
4.02,4.01
3.91,3.91
4.00,4.00
4.04,4.03
3.97,3.96
3.97,3.96
3.98,3.98
3.99,3.97
4.01,4.00
3.99,3.97
4.08,4.09
4.05,4.04
4.03,4.01
4.07,4.06
4.05,4.03
4.04,4.04
4.06,4.06
4.17,4.16
4.11,4.12
4.10,4.09
4.05,4.03
4.03,4.02
4.13,4.12
4.04,4.03
4.11,4.11
3.99,3.99
3.97,3.96
3.99,3.98
3.97,3.96
4.01,3.99
4.01,4.00
3.99,3.99
4.00,4.00
4.07,4.06
4.02,4.00
4.01,3.99
4.02,4.02
3.94,3.94
3.90,3.90
3.97,3.98
4.03,4.04
4.13,4.12
4.07,4.05
4.11,4.10
4.04,4.03
4.02,3.99
4.04,4.02
4.00,4.00
4.00,3.98
4.04,4.03
4.03,4.02
4.02,4.02
4.00,4.00
3.94,3.93
3.90,3.90
3.97,3.97
3.92,3.92
3.94,3.93
3.96,3.94
3.93,3.93
3.99,3.98
4.03,4.03
3.99,3.98
3.99,4.00
3.98,3.98
3.98,3.96
3.98,3.96
4.04,4.03
4.02,4.01
3.97,3.98
4.00,3.98
3.97,3.96
3.95,3.93
3.96,3.97
4.03,4.01
4.02,4.02
3.98,3.96
4.01,4.01
3.94,3.94
3.95,3.95
3.98,3.99
4.06,4.06
4.00,4.00
4.08,4.06
4.06,4.05
4.02,4.02
4.03,4.04
4.00,3.99
3.97,3.96
3.91,3.91
3.99,3.98
3.95,3.93
4.00,3.99
3.97,3.96
3.92,3.92
3.89,3.89
3.90,3.89
4.00,4.01
3.99,3.99
4.07,4.07
4.10,4.09
4.04,4.03
4.02,4.00
4.10,4.10
4.07,4.07
4.06,4.06
4.08,4.07
4.06,4.05
3.97,3.96
3.98,3.97
4.02,4.01
4.07,4.07
4.09,4.08
3.97,3.97
3.92,3.91
3.96,3.96
4.04,4.03
4.04,4.03
3.99,4.00
4.02,4.00
4.00,4.00
3.89,3.89
4.00,3.98
4.02,4.02
3.94,3.94
3.94,3.95
3.97,3.95
3.97,3.95
3.99,3.99
3.98,3.97
4.06,4.06
4.04,4.02
4.01,3.99
4.04,4.04
4.02,4.02
4.03,4.03
4.05,4.05
4.16,4.14
4.12,4.10
4.08,4.09
4.02,4.02
4.02,4.01
4.11,4.10
4.01,4.01
4.10,4.10
3.98,3.97
3.95,3.95
3.97,3.96
3.95,3.94
3.99,3.99
4.00,3.99
3.98,3.96
3.99,3.98
4.05,4.06
4.00,3.99
3.98,3.97
4.01,4.00
3.94,3.92
3.88,3.88
3.96,3.96
4.03,4.04
4.12,4.11
4.06,4.06
4.10,4.09
4.02,4.02
3.99,3.98
4.02,4.02
3.98,3.98
3.99,3.96
4.02,4.01
4.01,4.00
4.00,3.99
4.00,3.99
3.92,3.92
3.89,3.89
3.94,3.94
3.92,3.92
3.94,3.93
3.94,3.93
3.90,3.91
3.97,3.96
4.02,4.02
3.98,3.97
3.97,3.97
3.96,3.95
3.95,3.95
3.96,3.95
4.02,4.01
4.01,4.01
3.96,3.95
3.97,3.98
3.95,3.93
3.93,3.92
3.94,3.94
4.01,4.01
4.02,4.01
3.95,3.94
4.00,3.99
3.91,3.92
3.93,3.92
3.97,3.96
4.04,4.03
3.99,3.97
4.06,4.05
4.04,4.04
4.00,3.99
4.03,4.01
3.98,3.98
3.95,3.95
3.90,3.90
3.98,3.97
3.93,3.93
3.98,3.97
3.96,3.95
3.91,3.91
3.87,3.87
3.88,3.88
4.01,3.99
3.97,3.98
4.05,4.04
4.08,4.07
4.02,4.01
4.00,4.00
4.07,4.08
4.06,4.06
4.05,4.05
4.07,4.07
4.05,4.04
3.96,3.96
3.96,3.95
4.00,4.00
4.07,4.06
4.07,4.07
3.97,3.96
3.90,3.89
3.94,3.93
4.03,4.01
4.03,4.02
3.99,3.99
4.01,4.00
4.00,3.99
3.89,3.87
3.98,3.98
4.01,4.00
3.93,3.91
3.94,3.93
3.94,3.94
3.94,3.95
3.98,3.98
3.96,3.96
4.06,4.05
4.02,4.01
3.99,3.98
4.04,4.02
4.01,4.01
4.02,4.01
4.03,4.03
4.14,4.13
4.10,4.08
4.08,4.07
4.02,4.00
4.00,4.00
4.11,4.09
4.00,4.00
4.10,4.09
3.96,3.96
3.94,3.95
3.96,3.95
3.94,3.94
3.98,3.99
3.98,3.97
3.97,3.96
3.97,3.96
4.05,4.03
3.99,3.98
3.96,3.96
4.00,3.99
3.91,3.90
3.87,3.86
3.94,3.93
4.03,4.02
4.10,4.10
4.04,4.02
4.09,4.08
4.01,4.01
3.98,3.97
4.01,4.01
3.97,3.97
3.97,3.95
4.02,4.01
4.00,3.99
3.99,3.99
3.99,3.97
3.91,3.91
3.88,3.87
3.94,3.93
3.90,3.91
3.93,3.91
3.94,3.92
3.91,3.90
3.96,3.96
4.02,4.01
3.97,3.96
3.98,3.97
3.95,3.94
3.92,3.92
3.94,3.94
4.02,4.00
4.00,4.00
3.95,3.94
3.96,3.95
3.94,3.93
3.92,3.90
3.95,3.92
4.00,4.00
4.01,4.00
3.92,3.92
3.98,3.97
3.90,3.90
3.92,3.91
3.95,3.96
4.03,4.02
3.98,3.97
4.05,4.04
4.02,4.03
4.00,3.98
4.01,4.01
3.98,3.98
3.94,3.94
3.89,3.89
3.96,3.96
3.92,3.90
3.96,3.97
3.94,3.93
3.91,3.90
3.87,3.86
3.87,3.86
4.00,3.99
3.97,3.96
4.04,4.05
4.08,4.07
4.00,4.00
3.99,3.98
4.07,4.08
4.05,4.05
4.04,4.04
4.06,4.04
4.05,4.04
3.96,3.94
3.96,3.96
4.00,4.00
4.05,4.05
4.07,4.06
3.95,3.95
3.88,3.87
3.93,3.93
4.00,3.99
4.02,4.01
3.99,3.98
4.00,3.99
3.99,3.99
3.85,3.86
3.97,3.96
3.99,4.00
3.91,3.91
3.93,3.92
3.94,3.93
3.94,3.93
3.98,3.97
3.95,3.94
4.04,4.03
4.01,4.00
3.97,3.96
4.02,4.02
3.99,3.99
4.01,4.01
4.03,4.02
4.14,4.12
4.08,4.08
4.06,4.05
4.01,4.00
4.00,3.99
4.11,4.09
4.00,3.99
4.08,4.08
3.95,3.96
3.93,3.92
3.96,3.94
3.94,3.93
3.97,3.97
3.97,3.96
3.95,3.94
3.94,3.95
4.06,4.05
3.99,3.98
3.96,3.94
4.00,3.99
3.89,3.90
3.86,3.86
3.94,3.92
4.01,3.99
4.09,4.08
4.03,4.03
4.08,4.07
4.01,4.00
3.97,3.96
4.00,4.00
3.96,3.96
3.96,3.95
4.01,4.00
3.99,3.99
3.98,3.97
3.98,3.97
3.91,3.90
3.87,3.86
3.94,3.93
3.90,3.90
3.92,3.91
3.93,3.92
3.89,3.89
3.96,3.95
4.01,4.00
3.95,3.95
3.97,3.95
3.93,3.93
3.91,3.91
3.94,3.92
4.01,3.99
4.00,3.98
3.94,3.93
3.95,3.94
3.92,3.91
3.90,3.88
3.92,3.91
3.99,3.98
4.00,3.98
3.92,3.91
3.97,3.97
3.89,3.90
3.92,3.89
3.94,3.93
4.02,4.01
3.95,3.96
4.04,4.03
4.02,4.01
3.99,3.99
3.99,4.00
3.96,3.97
3.94,3.92
3.88,3.88
3.95,3.94
3.91,3.91
3.96,3.95
3.93,3.92
3.90,3.89
3.86,3.85
3.87,3.85
3.99,3.99
3.96,3.95
4.04,4.03
4.07,4.05
3.99,3.99
3.97,3.98
4.08,4.07
4.04,4.04
4.03,4.03
4.05,4.05
4.03,4.03
3.95,3.94
3.96,3.94
4.00,3.99
4.06,4.04
4.07,4.06
3.94,3.95
3.87,3.86
3.92,3.92
4.00,4.00
3.97,4.00
3.98,3.97
3.99,3.98
3.98,3.99
3.86,3.83
3.96,3.95
3.98,3.99
3.91,3.90
3.92,3.90
3.93,3.93
3.93,3.94
3.97,3.97
3.95,3.95
4.03,4.02
4.00,3.99
3.97,3.95
4.02,3.99
3.99,3.98
4.01,4.00
4.03,4.01
4.11,4.10
4.09,4.07
4.06,4.04
4.01,4.00
3.99,3.98
4.09,4.08
3.99,3.98
4.07,4.06
3.95,3.95
3.93,3.91
3.95,3.93
3.93,3.92
3.97,3.97
3.96,3.94
3.94,3.93
3.95,3.94
4.05,4.03
4.00,3.98
3.95,3.94
3.98,3.99
3.89,3.89
3.84,3.84
3.93,3.92
3.99,3.99
4.09,4.08
4.04,4.02
4.07,4.06
4.00,4.00
3.96,3.95
3.99,3.99
3.95,3.95
3.95,3.94
4.00,3.99
3.98,3.97
3.98,3.97
3.97,3.96
3.90,3.89
3.87,3.85
3.92,3.93
3.90,3.89
3.91,3.90
3.93,3.90
3.89,3.89
3.95,3.95
3.98,3.99
3.95,3.95
3.96,3.96
3.93,3.92
3.90,3.90
3.93,3.92
4.00,3.99
3.98,3.96
3.93,3.93
3.95,3.94
3.90,3.91
3.89,3.88
3.93,3.91
3.98,3.98
4.00,3.98
3.91,3.91
3.95,3.96
3.89,3.87
3.89,3.89
3.94,3.93
4.02,4.01
3.94,3.95
4.03,4.03
4.02,4.02
3.99,3.98
4.00,3.99
3.97,3.96
3.95,3.92
3.88,3.87
3.95,3.95
3.91,3.90
3.96,3.95
3.94,3.92
3.89,3.88
3.86,3.85
3.85,3.86
3.99,3.98
3.95,3.94
4.03,4.03
4.06,4.04
4.00,3.99
3.97,3.98
4.07,4.05
4.03,4.02
4.02,4.02
4.05,4.04
4.02,4.02
3.94,3.93
3.96,3.94
3.99,3.98
4.06,4.04
4.06,4.06
3.95,3.93
3.86,3.86
3.91,3.91
4.00,4.00
4.01,4.01
3.97,3.96
3.99,3.98
3.98,3.97
3.85,3.84
3.95,3.94
3.98,3.98
3.90,3.89
3.91,3.90
3.92,3.92
3.94,3.92
3.96,3.96
3.95,3.94
4.02,4.02
3.99,3.98
3.95,3.95
4.00,3.99
3.98,3.97
4.01,4.00
4.02,4.01
4.11,4.11
4.08,4.06
4.05,4.04
4.00,3.99
3.99,3.97
4.08,4.08
3.98,3.98
4.07,4.07
3.94,3.93
3.93,3.91
3.95,3.94
3.93,3.92
3.96,3.95
3.94,3.94
3.95,3.93
3.94,3.95
4.04,4.03
3.99,3.98
3.95,3.94
3.98,3.98
3.89,3.88
3.84,3.84
3.92,3.92
4.00,3.98
4.08,4.06
4.03,4.02
4.06,4.07
4.01,3.99
3.95,3.95
3.98,3.97
3.95,3.95
3.93,3.94
4.01,4.00
3.98,3.97
3.97,3.97
3.97,3.96
3.90,3.90
3.86,3.85
3.93,3.92
3.89,3.89
3.91,3.90
3.91,3.90
3.89,3.88
3.95,3.95
4.01,3.98
3.96,3.95
3.95,3.96
3.91,3.91
3.90,3.90
3.93,3.91
3.99,3.98
3.98,3.98
3.91,3.93
3.95,3.93
3.92,3.90
3.89,3.88
3.92,3.91
3.98,3.97
4.00,3.98
3.90,3.90
3.96,3.95
3.88,3.88
3.89,3.88
3.93,3.92
4.00,4.00
3.96,3.96
4.04,4.03
4.01,4.00
3.98,3.97
4.00,4.00
3.98,3.95
3.92,3.91
3.88,3.86
3.96,3.95
3.91,3.89
3.95,3.95
3.94,3.93
3.89,3.88
3.85,3.86
3.85,3.85
3.99,3.98
3.95,3.94
4.02,4.01
4.06,4.04
3.98,3.98
3.97,3.96
4.06,4.05
4.02,4.01
4.02,4.01
4.05,4.04
4.02,4.01
3.94,3.94
3.95,3.93
3.98,3.98
4.05,4.03
4.06,4.05
3.95,3.95
3.86,3.84
3.90,3.90
4.00,3.99
4.00,4.00
3.96,3.96
3.97,3.98
3.97,3.96
3.85,3.83
3.94,3.94
3.99,3.98
3.90,3.89
3.90,3.90
3.93,3.93
3.93,3.92
3.97,3.95
3.95,3.93
4.02,4.00
3.98,3.99
3.96,3.94
4.00,3.99
3.98,3.97
3.99,3.99
4.01,4.00
4.11,4.10
4.06,4.06
4.05,4.04
4.00,3.99
3.98,3.97
4.09,4.07
3.99,3.97
4.06,4.05
3.94,3.94
3.93,3.91
3.94,3.93
3.92,3.92
3.97,3.96
4.39,3.94
3.94,3.92
3.95,3.94
4.04,4.03
3.99,3.97
3.94,3.92
3.99,3.98
3.88,3.88
3.85,3.84
3.91,3.91
3.99,3.99
4.08,4.08
4.03,4.02
4.07,4.07
4.01,4.00
3.95,3.95
3.98,3.97
3.96,3.94
3.92,3.94
4.00,4.01
3.98,3.97
3.98,3.96
3.97,3.95
3.89,3.89
3.86,3.85
3.93,3.92
3.88,3.89
3.90,3.90
3.91,3.90
3.89,3.89
3.95,3.94
4.00,3.99
3.95,3.96
3.96,3.94
3.92,3.91
3.90,3.88
3.90,3.90
3.99,3.97
3.97,3.97
3.92,3.91
3.93,3.93
3.90,3.89
3.89,3.87
3.91,3.90
3.98,3.98
3.97,3.98
3.89,3.89
3.95,3.94
3.87,3.87
3.89,3.88
3.93,3.91
4.00,4.00
3.95,3.95
4.03,4.03
4.01,4.00
3.97,3.96
4.00,3.99
3.96,3.96
3.92,3.92
3.87,3.87
3.96,3.95
3.90,3.90
3.95,3.94
3.92,3.93
3.90,3.89
3.85,3.85
3.86,3.85
3.99,3.98
3.95,3.94
4.02,4.02
4.06,4.04
3.97,3.97
3.97,3.96
4.06,4.05
4.02,4.00
4.02,4.02
4.04,4.04
4.02,4.01
3.95,3.93
3.95,3.93
3.99,3.98
4.05,4.04
4.06,4.05
3.95,3.93
3.86,3.86
3.91,3.91
4.00,3.99
4.01,3.99
3.96,3.96
3.99,3.98
3.99,3.96
3.83,3.84
3.94,3.95
3.99,3.99
3.89,3.89
3.91,3.91
3.92,3.92
3.93,3.91
3.97,3.96
3.94,3.93
4.01,4.01
3.99,3.98
3.94,3.92
3.99,3.98
3.97,3.97
3.99,3.99
4.01,4.01
4.09,4.10
4.06,4.06
4.04,4.03
4.37,3.98
3.98,3.96
4.07,4.06
3.98,3.97
4.06,4.05
3.94,3.94
3.91,3.91
3.93,3.93
3.93,3.92
3.97,3.94
3.95,3.94
3.94,3.93
3.95,3.94
4.04,4.02
3.97,3.96
3.94,3.93
3.98,3.98
3.88,3.87
3.84,3.83
3.92,3.91
3.98,3.98
4.08,4.07
4.03,4.03
4.08,4.07
3.99,3.99
